Word         , Frequency, Frequency (%)
the          ,        92, 2.90587%
and          ,        84, 2.65319%
i            ,        71, 2.24258%
of           ,        67, 2.11624%
to           ,        66, 2.08465%
you          ,        45, 1.42135%
in           ,        43, 1.35818%
a            ,        40, 1.26342%
romeo        ,        39, 1.23184%
with         ,        38, 1.20025%
his          ,        37, 1.16867%
my           ,        35, 1.1055%
benvolio     ,        35, 1.1055%
is           ,        35, 1.1055%
that         ,        34, 1.07391%
s            ,        32, 1.01074%
me           ,        26, 0.821226%
not          ,        26, 0.821226%
but          ,        26, 0.821226%
sampson      ,        24, 0.758054%
montague     ,        23, 0.726469%
love         ,        21, 0.663298%
gregory      ,        20, 0.631712%
capulet      ,        19, 0.600126%
will         ,        19, 0.600126%
as           ,        18, 0.568541%
she          ,        18, 0.568541%
so           ,        18, 0.568541%
thou         ,        18, 0.568541%
what         ,        18, 0.568541%
this         ,        18, 0.568541%
be           ,        17, 0.536955%
fair         ,        17, 0.536955%
by           ,        17, 0.536955%
her          ,        17, 0.536955%
it           ,        16, 0.50537%
your         ,        15, 0.473784%
all          ,        14, 0.442198%
from         ,        14, 0.442198%
do           ,        14, 0.442198%
sir          ,        13, 0.410613%
at           ,        13, 0.410613%
more         ,        13, 0.410613%
their        ,        13, 0.410613%
he           ,        13, 0.410613%
servingman   ,        13, 0.410613%
for          ,        12, 0.379027%
enter        ,        12, 0.379027%
shall        ,        12, 0.379027%
they         ,        12, 0.379027%
have         ,        11, 0.347442%
thee         ,        11, 0.347442%
one          ,        11, 0.347442%
if           ,        11, 0.347442%
our          ,        11, 0.347442%
we           ,        11, 0.347442%
house        ,        10, 0.315856%
lady         ,        10, 0.315856%
where        ,        10, 0.315856%
here         ,        10, 0.315856%
no           ,        10, 0.315856%
good         ,        10, 0.315856%
old          ,        10, 0.315856%
them         ,         9, 0.28427%
thy          ,         9, 0.28427%
or           ,         9, 0.28427%
men          ,         9, 0.28427%
o            ,         9, 0.28427%
part         ,         8, 0.252685%
which        ,         8, 0.252685%
being        ,         8, 0.252685%
who          ,         8, 0.252685%
should       ,         8, 0.252685%
on           ,         8, 0.252685%
hath         ,         8, 0.252685%
tybalt       ,         8, 0.252685%
out          ,         8, 0.252685%
well         ,         8, 0.252685%
thumb        ,         7, 0.221099%
sword        ,         7, 0.221099%
paris        ,         7, 0.221099%
say          ,         7, 0.221099%
an           ,         7, 0.221099%
mine         ,         7, 0.221099%
go           ,         7, 0.221099%
abram        ,         7, 0.221099%
are          ,         7, 0.221099%
am           ,         7, 0.221099%
let          ,         7, 0.221099%
take         ,         7, 0.221099%
whose        ,         7, 0.221099%
tis          ,         7, 0.221099%
prince       ,         7, 0.221099%
know         ,         7, 0.221099%
ll           ,         7, 0.221099%
makes        ,         6, 0.189514%
such         ,         6, 0.189514%
own          ,         6, 0.189514%
can          ,         6, 0.189514%
too          ,         6, 0.189514%
tell         ,         6, 0.189514%
ay           ,         6, 0.189514%
when         ,         6, 0.189514%
bite         ,         6, 0.189514%
come         ,         6, 0.189514%
beauty       ,         6, 0.189514%
peace        ,         6, 0.189514%
most         ,         6, 0.189514%
him          ,         6, 0.189514%
juliet       ,         5, 0.157928%
made         ,         5, 0.157928%
think        ,         5, 0.157928%
why          ,         5, 0.157928%
draw         ,         5, 0.157928%
wall         ,         5, 0.157928%
us           ,         5, 0.157928%
these        ,         5, 0.157928%
other        ,         5, 0.157928%
fire         ,         5, 0.157928%
show         ,         5, 0.157928%
up           ,         5, 0.157928%
then         ,         5, 0.157928%
was          ,         5, 0.157928%
see          ,         5, 0.157928%
three        ,         5, 0.157928%
art          ,         5, 0.157928%
exit         ,         5, 0.157928%
feel         ,         5, 0.157928%
hate         ,         5, 0.157928%
many         ,         5, 0.157928%
verona       ,         5, 0.157928%
now          ,         5, 0.157928%
quarrel      ,         5, 0.157928%
live         ,         4, 0.126342%
two          ,         4, 0.126342%
cousin       ,         4, 0.126342%
himself      ,         4, 0.126342%
kinsman      ,         4, 0.126342%
forget       ,         4, 0.126342%
citizens     ,         4, 0.126342%
civil        ,         4, 0.126342%
those        ,         4, 0.126342%
maids        ,         4, 0.126342%
turn         ,         4, 0.126342%
away         ,         4, 0.126342%
some         ,         4, 0.126342%
names        ,         4, 0.126342%
moved        ,         4, 0.126342%
pray         ,         4, 0.126342%
wife         ,         4, 0.126342%
new          ,         4, 0.126342%
eyes         ,         4, 0.126342%
eye          ,         4, 0.126342%
aside        ,         4, 0.126342%
montagues    ,         4, 0.126342%
night        ,         4, 0.126342%
without      ,         4, 0.126342%
death        ,         4, 0.126342%
another      ,         4, 0.126342%
ancient      ,         4, 0.126342%
may          ,         4, 0.126342%
read         ,         4, 0.126342%
man          ,         4, 0.126342%
stand        ,         4, 0.126342%
stay         ,         4, 0.126342%
hear         ,         4, 0.126342%
word         ,         4, 0.126342%
find         ,         4, 0.126342%
sadness      ,         4, 0.126342%
hours        ,         3, 0.0947568%
ere          ,         3, 0.0947568%
else         ,         3, 0.0947568%
strike       ,         3, 0.0947568%
still        ,         3, 0.0947568%
sun          ,         3, 0.0947568%
feast        ,         3, 0.0947568%
father       ,         3, 0.0947568%
hands        ,         3, 0.0947568%
tears        ,         3, 0.0947568%
happy        ,         3, 0.0947568%
than         ,         3, 0.0947568%
chorus       ,         3, 0.0947568%
hit          ,         3, 0.0947568%
heads        ,         3, 0.0947568%
earth        ,         3, 0.0947568%
heart        ,         3, 0.0947568%
there        ,         3, 0.0947568%
therefore    ,         3, 0.0947568%
heavy        ,         3, 0.0947568%
signior      ,         3, 0.0947568%
down         ,         3, 0.0947568%
doth         ,         3, 0.0947568%
die          ,         3, 0.0947568%
right        ,         3, 0.0947568%
scene        ,         3, 0.0947568%
saw          ,         3, 0.0947568%
along        ,         3, 0.0947568%
among        ,         3, 0.0947568%
long         ,         3, 0.0947568%
view         ,         3, 0.0947568%
nor          ,         3, 0.0947568%
loving       ,         3, 0.0947568%
came         ,         3, 0.0947568%
poor         ,         3, 0.0947568%
how          ,         3, 0.0947568%
rest         ,         3, 0.0947568%
master       ,         3, 0.0947568%
myself       ,         3, 0.0947568%
must         ,         3, 0.0947568%
both         ,         3, 0.0947568%
were         ,         3, 0.0947568%
much         ,         3, 0.0947568%
better       ,         3, 0.0947568%
while        ,         3, 0.0947568%
before       ,         3, 0.0947568%
true         ,         3, 0.0947568%
shakespeare  ,         3, 0.0947568%
written      ,         3, 0.0947568%
tut          ,         3, 0.0947568%
servingmen   ,         3, 0.0947568%
comes        ,         3, 0.0947568%
partisans    ,         3, 0.0947568%
pain         ,         3, 0.0947568%
could        ,         3, 0.0947568%
coz          ,         3, 0.0947568%
hadst        ,         2, 0.0631712%
groan        ,         2, 0.0631712%
soon         ,         2, 0.0631712%
son          ,         2, 0.0631712%
store        ,         2, 0.0631712%
forth        ,         2, 0.0631712%
streets      ,         2, 0.0631712%
four         ,         2, 0.0631712%
proof        ,         2, 0.0631712%
move         ,         2, 0.0631712%
mother       ,         2, 0.0631712%
morning      ,         2, 0.0631712%
passing      ,         2, 0.0631712%
pay          ,         2, 0.0631712%
giving       ,         2, 0.0631712%
persons      ,         2, 0.0631712%
friar        ,         2, 0.0631712%
off          ,         2, 0.0631712%
page         ,         2, 0.0631712%
number       ,         2, 0.0631712%
gentle       ,         2, 0.0631712%
fresh        ,         2, 0.0631712%
give         ,         2, 0.0631712%
grief        ,         2, 0.0631712%
nothing      ,         2, 0.0631712%
gladly       ,         2, 0.0631712%
fray         ,         2, 0.0631712%
parents      ,         2, 0.0631712%
none         ,         2, 0.0631712%
stir         ,         2, 0.0631712%
pleasure     ,         2, 0.0631712%
never        ,         2, 0.0631712%
law          ,         2, 0.0631712%
sighs        ,         2, 0.0631712%
same         ,         2, 0.0631712%
light        ,         2, 0.0631712%
fought       ,         2, 0.0631712%
lie          ,         2, 0.0631712%
learned      ,         2, 0.0631712%
side         ,         2, 0.0631712%
learn        ,         2, 0.0631712%
herself      ,         2, 0.0631712%
sick         ,         2, 0.0631712%
list         ,         2, 0.0631712%
seen         ,         2, 0.0631712%
sense        ,         2, 0.0631712%
ho           ,         2, 0.0631712%
hold         ,         2, 0.0631712%
shown        ,         2, 0.0631712%
keep         ,         2, 0.0631712%
serve        ,         2, 0.0631712%
john         ,         2, 0.0631712%
ill          ,         2, 0.0631712%
humor        ,         2, 0.0631712%
make         ,         2, 0.0631712%
smoke        ,         2, 0.0631712%
put          ,         2, 0.0631712%
mind         ,         2, 0.0631712%
merry        ,         2, 0.0631712%
merit        ,         2, 0.0631712%
mercutio     ,         2, 0.0631712%
quickly      ,         2, 0.0631712%
rage         ,         2, 0.0631712%
having       ,         2, 0.0631712%
remove       ,         2, 0.0631712%
miss         ,         2, 0.0631712%
rich         ,         2, 0.0631712%
maid         ,         2, 0.0631712%
madam        ,         2, 0.0631712%
mad          ,         2, 0.0631712%
rosaline     ,         2, 0.0631712%
lovers       ,         2, 0.0631712%
lost         ,         2, 0.0631712%
look         ,         2, 0.0631712%
lives        ,         2, 0.0631712%
ears         ,         2, 0.0631712%
time         ,         2, 0.0631712%
depart       ,         2, 0.0631712%
thrust       ,         2, 0.0631712%
did          ,         2, 0.0631712%
dies         ,         2, 0.0631712%
dog          ,         2, 0.0631712%
thine        ,         2, 0.0631712%
drawing      ,         2, 0.0631712%
drawn        ,         2, 0.0631712%
e            ,         2, 0.0631712%
early        ,         2, 0.0631712%
daughters    ,         2, 0.0631712%
east         ,         2, 0.0631712%
either       ,         2, 0.0631712%
en           ,         2, 0.0631712%
er           ,         2, 0.0631712%
escalus      ,         2, 0.0631712%
ever         ,         2, 0.0631712%
anything     ,         2, 0.0631712%
exits        ,         2, 0.0631712%
teach        ,         2, 0.0631712%
any          ,         2, 0.0631712%
consent      ,         2, 0.0631712%
capulets     ,         2, 0.0631712%
cankered     ,         2, 0.0631712%
call         ,         2, 0.0631712%
cause        ,         2, 0.0631712%
weak         ,         2, 0.0631712%
close        ,         2, 0.0631712%
clouds       ,         2, 0.0631712%
clubs        ,         2, 0.0631712%
uncle        ,         2, 0.0631712%
bound        ,         2, 0.0631712%
welcome      ,         2, 0.0631712%
1            ,         2, 0.0631712%
black        ,         2, 0.0631712%
county       ,         2, 0.0631712%
crutch       ,         2, 0.0631712%
whither      ,         2, 0.0631712%
begin        ,         2, 0.0631712%
been         ,         2, 0.0631712%
beauties     ,         2, 0.0631712%
cut          ,         2, 0.0631712%
back         ,         2, 0.0631712%
wilt         ,         2, 0.0631712%
affections   ,         2, 0.0631712%
young        ,         2, 0.0631712%
fear         ,         2, 0.0631712%
about        ,         2, 0.0631712%
writ         ,         2, 0.0631712%
folger       ,         2, 0.0631712%
yet          ,         2, 0.0631712%
world        ,         2, 0.0631712%
sweet        ,         2, 0.0631712%
first        ,         2, 0.0631712%
farewell     ,         2, 0.0631712%
swords       ,         2, 0.0631712%
fight        ,         2, 0.0631712%
alas         ,         2, 0.0631712%
2            ,         2, 0.0631712%
alike        ,         2, 0.0631712%
fellow       ,         2, 0.0631712%
would        ,         2, 0.0631712%
pens         ,         1, 0.0315856%
wert         ,         1, 0.0315856%
weary        ,         1, 0.0315856%
weep         ,         1, 0.0315856%
rank         ,         1, 0.0315856%
weighed      ,         1, 0.0315856%
quiet        ,         1, 0.0315856%
rather       ,         1, 0.0315856%
weapons      ,         1, 0.0315856%
question     ,         1, 0.0315856%
quench       ,         1, 0.0315856%
went         ,         1, 0.0315856%
werstine     ,         1, 0.0315856%
younger      ,         1, 0.0315856%
westward     ,         1, 0.0315856%
puts         ,         1, 0.0315856%
whence       ,         1, 0.0315856%
perhaps      ,         1, 0.0315856%
whereto      ,         1, 0.0315856%
push         ,         1, 0.0315856%
whipped      ,         1, 0.0315856%
pursuing     ,         1, 0.0315856%
pursued      ,         1, 0.0315856%
watchmen     ,         1, 0.0315856%
urged        ,         1, 0.0315856%
vitruvio     ,         1, 0.0315856%
voice        ,         1, 0.0315856%
rooteth      ,         1, 0.0315856%
0            ,         1, 0.0315856%
peered       ,         1, 0.0315856%
vow          ,         1, 0.0315856%
waking       ,         1, 0.0315856%
ripe         ,         1, 0.0315856%
walk         ,         1, 0.0315856%
walking      ,         1, 0.0315856%
ware         ,         1, 0.0315856%
washing      ,         1, 0.0315856%
waste        ,         1, 0.0315856%
weapon       ,         1, 0.0315856%
way          ,         1, 0.0315856%
penalty      ,         1, 0.0315856%
weaker       ,         1, 0.0315856%
remember     ,         1, 0.0315856%
weakest      ,         1, 0.0315856%
religion     ,         1, 0.0315856%
rejoice      ,         1, 0.0315856%
pencil       ,         1, 0.0315856%
reckoning    ,         1, 0.0315856%
reck         ,         1, 0.0315856%
rebellious   ,         1, 0.0315856%
purged       ,         1, 0.0315856%
rebecca      ,         1, 0.0315856%
reads        ,         1, 0.0315856%
poised       ,         1, 0.0315856%
poston       ,         1, 0.0315856%
peter        ,         1, 0.0315856%
petruchio    ,         1, 0.0315856%
wise         ,         1, 0.0315856%
wisely       ,         1, 0.0315856%
posterity    ,         1, 0.0315856%
portentous   ,         1, 0.0315856%
piece        ,         1, 0.0315856%
wit          ,         1, 0.0315856%
withal       ,         1, 0.0315856%
worshiped    ,         1, 0.0315856%
poison       ,         1, 0.0315856%
piteous      ,         1, 0.0315856%
worm         ,         1, 0.0315856%
winter       ,         1, 0.0315856%
wither       ,         1, 0.0315856%
within       ,         1, 0.0315856%
pity         ,         1, 0.0315856%
please       ,         1, 0.0315856%
works        ,         1, 0.0315856%
wood         ,         1, 0.0315856%
place        ,         1, 0.0315856%
woman        ,         1, 0.0315856%
placentio    ,         1, 0.0315856%
woo          ,         1, 0.0315856%
plantain     ,         1, 0.0315856%
play         ,         1, 0.0315856%
women        ,         1, 0.0315856%
profaners    ,         1, 0.0315856%
pernicious   ,         1, 0.0315856%
yes          ,         1, 0.0315856%
years        ,         1, 0.0315856%
whom         ,         1, 0.0315856%
yard         ,         1, 0.0315856%
widow        ,         1, 0.0315856%
prove        ,         1, 0.0315856%
wield        ,         1, 0.0315856%
william      ,         1, 0.0315856%
propagate    ,         1, 0.0315856%
person       ,         1, 0.0315856%
willingly    ,         1, 0.0315856%
wrong        ,         1, 0.0315856%
prologue     ,         1, 0.0315856%
purple       ,         1, 0.0315856%
writing      ,         1, 0.0315856%
private      ,         1, 0.0315856%
window       ,         1, 0.0315856%
windows      ,         1, 0.0315856%
prison       ,         1, 0.0315856%
winds        ,         1, 0.0315856%
wine         ,         1, 0.0315856%
pride        ,         1, 0.0315856%
pretty       ,         1, 0.0315856%
pressed      ,         1, 0.0315856%
preserving   ,         1, 0.0315856%
prepared     ,         1, 0.0315856%
precious     ,         1, 0.0315856%
terms        ,         1, 0.0315856%
siege        ,         1, 0.0315856%
sight        ,         1, 0.0315856%
since        ,         1, 0.0315856%
sirrah       ,         1, 0.0315856%
sisters      ,         1, 0.0315856%
slave        ,         1, 0.0315856%
sleep        ,         1, 0.0315856%
th           ,         1, 0.0315856%
thither      ,         1, 0.0315856%
talk         ,         1, 0.0315856%
soft         ,         1, 0.0315856%
tailor       ,         1, 0.0315856%
sycamore     ,         1, 0.0315856%
soonest      ,         1, 0.0315856%
swung        ,         1, 0.0315856%
sorrows      ,         1, 0.0315856%
thrusts      ,         1, 0.0315856%
short        ,         1, 0.0315856%
tool         ,         1, 0.0315856%
toil         ,         1, 0.0315856%
today        ,         1, 0.0315856%
till         ,         1, 0.0315856%
shows        ,         1, 0.0315856%
shrift       ,         1, 0.0315856%
shunned      ,         1, 0.0315856%
sought       ,         1, 0.0315856%
shut         ,         1, 0.0315856%
throw        ,         1, 0.0315856%
shuts        ,         1, 0.0315856%
through      ,         1, 0.0315856%
thrice       ,         1, 0.0315856%
though       ,         1, 0.0315856%
sides        ,         1, 0.0315856%
subjects     ,         1, 0.0315856%
starved      ,         1, 0.0315856%
steals       ,         1, 0.0315856%
supper       ,         1, 0.0315856%
steel        ,         1, 0.0315856%
step         ,         1, 0.0315856%
summers      ,         1, 0.0315856%
suitor       ,         1, 0.0315856%
suit         ,         1, 0.0315856%
supposed     ,         1, 0.0315856%
strucken     ,         1, 0.0315856%
stole        ,         1, 0.0315856%
yours        ,         1, 0.0315856%
stranger     ,         1, 0.0315856%
struck       ,         1, 0.0315856%
strong       ,         1, 0.0315856%
strife       ,         1, 0.0315856%
swan         ,         1, 0.0315856%
sworn        ,         1, 0.0315856%
sounding     ,         1, 0.0315856%
sparing      ,         1, 0.0315856%
sparkling    ,         1, 0.0315856%
speak        ,         1, 0.0315856%
spite        ,         1, 0.0315856%
splendor     ,         1, 0.0315856%
spread       ,         1, 0.0315856%
shoemaker    ,         1, 0.0315856%
st           ,         1, 0.0315856%
swallowed    ,         1, 0.0315856%
stage        ,         1, 0.0315856%
stained      ,         1, 0.0315856%
sups         ,         1, 0.0315856%
star         ,         1, 0.0315856%
stars        ,         1, 0.0315856%
scorn        ,         1, 0.0315856%
upon         ,         1, 0.0315856%
unto         ,         1, 0.0315856%
unless       ,         1, 0.0315856%
saying       ,         1, 0.0315856%
scales       ,         1, 0.0315856%
scant        ,         1, 0.0315856%
underneath   ,         1, 0.0315856%
scope        ,         1, 0.0315856%
strive       ,         1, 0.0315856%
sea          ,         1, 0.0315856%
secret       ,         1, 0.0315856%
unclean      ,         1, 0.0315856%
seducing     ,         1, 0.0315856%
uncharmed    ,         1, 0.0315856%
seeing       ,         1, 0.0315856%
seek         ,         1, 0.0315856%
sad          ,         1, 0.0315856%
ruled        ,         1, 0.0315856%
villain      ,         1, 0.0315856%
vexed        ,         1, 0.0315856%
run          ,         1, 0.0315856%
vessels      ,         1, 0.0315856%
runn         ,         1, 0.0315856%
version      ,         1, 0.0315856%
veins        ,         1, 0.0315856%
unattainted  ,         1, 0.0315856%
vanity       ,         1, 0.0315856%
sadly        ,         1, 0.0315856%
valiant      ,         1, 0.0315856%
valentio     ,         1, 0.0315856%
valentine    ,         1, 0.0315856%
said         ,         1, 0.0315856%
saint        ,         1, 0.0315856%
shalt        ,         1, 0.0315856%
transparent  ,         1, 0.0315856%
transgression,         1, 0.0315856%
set          ,         1, 0.0315856%
severity     ,         1, 0.0315856%
shady        ,         1, 0.0315856%
train        ,         1, 0.0315856%
shakespeares ,         1, 0.0315856%
traffic      ,         1, 0.0315856%
treading     ,         1, 0.0315856%
town         ,         1, 0.0315856%
towards      ,         1, 0.0315856%
torture      ,         1, 0.0315856%
tormented    ,         1, 0.0315856%
shin         ,         1, 0.0315856%
torchbearers ,         1, 0.0315856%
shining      ,         1, 0.0315856%
rough        ,         1, 0.0315856%
treads       ,         1, 0.0315856%
treasure     ,         1, 0.0315856%
troubled     ,         1, 0.0315856%
trudge       ,         1, 0.0315856%
servants     ,         1, 0.0315856%
serious      ,         1, 0.0315856%
sentence     ,         1, 0.0315856%
turning      ,         1, 0.0315856%
sent         ,         1, 0.0315856%
tyrannous    ,         1, 0.0315856%
self         ,         1, 0.0315856%
tyrant       ,         1, 0.0315856%
seems        ,         1, 0.0315856%
seeming      ,         1, 0.0315856%
seem         ,         1, 0.0315856%
dare         ,         1, 0.0315856%
created      ,         1, 0.0315856%
crossed      ,         1, 0.0315856%
crow         ,         1, 0.0315856%
crush        ,         1, 0.0315856%
crystal      ,         1, 0.0315856%
cup          ,         1, 0.0315856%
cupid        ,         1, 0.0315856%
cure         ,         1, 0.0315856%
cures        ,         1, 0.0315856%
curtains     ,         1, 0.0315856%
cuts         ,         1, 0.0315856%
create       ,         1, 0.0315856%
dark         ,         1, 0.0315856%
day          ,         1, 0.0315856%
daylight     ,         1, 0.0315856%
dead         ,         1, 0.0315856%
debt         ,         1, 0.0315856%
dedicate     ,         1, 0.0315856%
deep         ,         1, 0.0315856%
defiance     ,         1, 0.0315856%
delight      ,         1, 0.0315856%
denied       ,         1, 0.0315856%
despair      ,         1, 0.0315856%
collar       ,         1, 0.0315856%
chastity     ,         1, 0.0315856%
cheering     ,         1, 0.0315856%
child        ,         1, 0.0315856%
childish     ,         1, 0.0315856%
children     ,         1, 0.0315856%
choice       ,         1, 0.0315856%
choking      ,         1, 0.0315856%
choler       ,         1, 0.0315856%
city         ,         1, 0.0315856%
coals        ,         1, 0.0315856%
cold         ,         1, 0.0315856%
desperate    ,         1, 0.0315856%
colliers     ,         1, 0.0315856%
comfort      ,         1, 0.0315856%
common       ,         1, 0.0315856%
companion    ,         1, 0.0315856%
compare      ,         1, 0.0315856%
continuance  ,         1, 0.0315856%
counsel      ,         1, 0.0315856%
counselor    ,         1, 0.0315856%
covert       ,         1, 0.0315856%
coward       ,         1, 0.0315856%
fatal        ,         1, 0.0315856%
examine      ,         1, 0.0315856%
excellent    ,         1, 0.0315856%
exquisite    ,         1, 0.0315856%
eyesight     ,         1, 0.0315856%
face         ,         1, 0.0315856%
fairer       ,         1, 0.0315856%
falsehood    ,         1, 0.0315856%
far          ,         1, 0.0315856%
farther      ,         1, 0.0315856%
farthest     ,         1, 0.0315856%
fast         ,         1, 0.0315856%
even         ,         1, 0.0315856%
favor        ,         1, 0.0315856%
fdt          ,         1, 0.0315856%
fearful      ,         1, 0.0315856%
feather      ,         1, 0.0315856%
fennel       ,         1, 0.0315856%
fiery        ,         1, 0.0315856%
fighting     ,         1, 0.0315856%
fish         ,         1, 0.0315856%
fisher       ,         1, 0.0315856%
fled         ,         1, 0.0315856%
flesh        ,         1, 0.0315856%
dost         ,         1, 0.0315856%
devout       ,         1, 0.0315856%
dew          ,         1, 0.0315856%
dian         ,         1, 0.0315856%
dignity      ,         1, 0.0315856%
dine         ,         1, 0.0315856%
discovery    ,         1, 0.0315856%
discreet     ,         1, 0.0315856%
disgrace     ,         1, 0.0315856%
disturb      ,         1, 0.0315856%
disturbed    ,         1, 0.0315856%
doctrine     ,         1, 0.0315856%
chaste       ,         1, 0.0315856%
drew         ,         1, 0.0315856%
drove        ,         1, 0.0315856%
drowned      ,         1, 0.0315856%
drum         ,         1, 0.0315856%
edited       ,         1, 0.0315856%
edu          ,         1, 0.0315856%
encounter    ,         1, 0.0315856%
end          ,         1, 0.0315856%
enemies      ,         1, 0.0315856%
envious      ,         1, 0.0315856%
attendants   ,         1, 0.0315856%
appareled    ,         1, 0.0315856%
approach     ,         1, 0.0315856%
april        ,         1, 0.0315856%
armed        ,         1, 0.0315856%
arrow        ,         1, 0.0315856%
artificial   ,         1, 0.0315856%
asked        ,         1, 0.0315856%
asking       ,         1, 0.0315856%
assailing    ,         1, 0.0315856%
assembly     ,         1, 0.0315856%
attend       ,         1, 0.0315856%
apothecary   ,         1, 0.0315856%
augmenting   ,         1, 0.0315856%
aurora       ,         1, 0.0315856%
backward     ,         1, 0.0315856%
balthasar    ,         1, 0.0315856%
barbara      ,         1, 0.0315856%
bear         ,         1, 0.0315856%
beasts       ,         1, 0.0315856%
beat         ,         1, 0.0315856%
beauteous    ,         1, 0.0315856%
bed          ,         1, 0.0315856%
began        ,         1, 0.0315856%
admired      ,         1, 0.0315856%
2015         ,         1, 0.0315856%
31           ,         1, 0.0315856%
9            ,         1, 0.0315856%
able         ,         1, 0.0315856%
abroach      ,         1, 0.0315856%
abroad       ,         1, 0.0315856%
according    ,         1, 0.0315856%
accustomed   ,         1, 0.0315856%
act          ,         1, 0.0315856%
add          ,         1, 0.0315856%
adding       ,         1, 0.0315856%
begun        ,         1, 0.0315856%
adversary    ,         1, 0.0315856%
afternoon    ,         1, 0.0315856%
again        ,         1, 0.0315856%
against      ,         1, 0.0315856%
agreed       ,         1, 0.0315856%
aimed        ,         1, 0.0315856%
air          ,         1, 0.0315856%
airy         ,         1, 0.0315856%
anguish      ,         1, 0.0315856%
anselme      ,         1, 0.0315856%
burnt        ,         1, 0.0315856%
bred         ,         1, 0.0315856%
bride        ,         1, 0.0315856%
bright       ,         1, 0.0315856%
broken       ,         1, 0.0315856%
brother      ,         1, 0.0315856%
brows        ,         1, 0.0315856%
bucklers     ,         1, 0.0315856%
bud          ,         1, 0.0315856%
buds         ,         1, 0.0315856%
burning      ,         1, 0.0315856%
burns        ,         1, 0.0315856%
breathed     ,         1, 0.0315856%
bury         ,         1, 0.0315856%
cannot       ,         1, 0.0315856%
canst        ,         1, 0.0315856%
carry        ,         1, 0.0315856%
case         ,         1, 0.0315856%
cast         ,         1, 0.0315856%
chamber      ,         1, 0.0315856%
change       ,         1, 0.0315856%
chaos        ,         1, 0.0315856%
characters   ,         1, 0.0315856%
blood        ,         1, 0.0315856%
behold       ,         1, 0.0315856%
beseeming    ,         1, 0.0315856%
best         ,         1, 0.0315856%
between      ,         1, 0.0315856%
bide         ,         1, 0.0315856%
bills        ,         1, 0.0315856%
bit          ,         1, 0.0315856%
bites        ,         1, 0.0315856%
blade        ,         1, 0.0315856%
blind        ,         1, 0.0315856%
bliss        ,         1, 0.0315856%
flourishes   ,         1, 0.0315856%
bloody       ,         1, 0.0315856%
blow         ,         1, 0.0315856%
blows        ,         1, 0.0315856%
book         ,         1, 0.0315856%
bow          ,         1, 0.0315856%
boy          ,         1, 0.0315856%
brawling     ,         1, 0.0315856%
brawls       ,         1, 0.0315856%
break        ,         1, 0.0315856%
breast       ,         1, 0.0315856%
maskers      ,         1, 0.0315856%
madness      ,         1, 0.0315856%
maidenheads  ,         1, 0.0315856%
maintains    ,         1, 0.0315856%
making       ,         1, 0.0315856%
manage       ,         1, 0.0315856%
mark         ,         1, 0.0315856%
marked       ,         1, 0.0315856%
markman      ,         1, 0.0315856%
marred       ,         1, 0.0315856%
marry        ,         1, 0.0315856%
martino      ,         1, 0.0315856%
madman       ,         1, 0.0315856%
masks        ,         1, 0.0315856%
masters      ,         1, 0.0315856%
match        ,         1, 0.0315856%
mean         ,         1, 0.0315856%
means        ,         1, 0.0315856%
measuring    ,         1, 0.0315856%
meddle       ,         1, 0.0315856%
mend         ,         1, 0.0315856%
michael      ,         1, 0.0315856%
might        ,         1, 0.0315856%
misadventured,         1, 0.0315856%
lived        ,         1, 0.0315856%
lessened     ,         1, 0.0315856%
letter       ,         1, 0.0315856%
letters      ,         1, 0.0315856%
liars        ,         1, 0.0315856%
liberty      ,         1, 0.0315856%
library      ,         1, 0.0315856%
lies         ,         1, 0.0315856%
life         ,         1, 0.0315856%
lightness    ,         1, 0.0315856%
like         ,         1, 0.0315856%
limping      ,         1, 0.0315856%
misery       ,         1, 0.0315856%
lively       ,         1, 0.0315856%
livia        ,         1, 0.0315856%
locks        ,         1, 0.0315856%
loins        ,         1, 0.0315856%
lord         ,         1, 0.0315856%
loved        ,         1, 0.0315856%
lovely       ,         1, 0.0315856%
loves        ,         1, 0.0315856%
lucio        ,         1, 0.0315856%
lusty        ,         1, 0.0315856%
ope          ,         1, 0.0315856%
nine         ,         1, 0.0315856%
ning         ,         1, 0.0315856%
noble        ,         1, 0.0315856%
noise        ,         1, 0.0315856%
note         ,         1, 0.0315856%
nourished    ,         1, 0.0315856%
nurse        ,         1, 0.0315856%
odds         ,         1, 0.0315856%
often        ,         1, 0.0315856%
once         ,         1, 0.0315856%
only         ,         1, 0.0315856%
niles        ,         1, 0.0315856%
oppression   ,         1, 0.0315856%
ornaments    ,         1, 0.0315856%
overthrows   ,         1, 0.0315856%
painter      ,         1, 0.0315856%
pair         ,         1, 0.0315856%
parted       ,         1, 0.0315856%
pass         ,         1, 0.0315856%
passage      ,         1, 0.0315856%
passed       ,         1, 0.0315856%
pathways     ,         1, 0.0315856%
patient      ,         1, 0.0315856%
naught       ,         1, 0.0315856%
misshapen    ,         1, 0.0315856%
mistempered  ,         1, 0.0315856%
mistress     ,         1, 0.0315856%
morrow       ,         1, 0.0315856%
mothers      ,         1, 0.0315856%
moves        ,         1, 0.0315856%
mowat        ,         1, 0.0315856%
muffled      ,         1, 0.0315856%
musicians    ,         1, 0.0315856%
mutiny       ,         1, 0.0315856%
naked        ,         1, 0.0315856%
lengthens    ,         1, 0.0315856%
nay          ,         1, 0.0315856%
ne           ,         1, 0.0315856%
near         ,         1, 0.0315856%
neck         ,         1, 0.0315856%
neighbor     ,         1, 0.0315856%
neither      ,         1, 0.0315856%
nephew       ,         1, 0.0315856%
nets         ,         1, 0.0315856%
niece        ,         1, 0.0315856%
nieces       ,         1, 0.0315856%
grove        ,         1, 0.0315856%
glad         ,         1, 0.0315856%
god          ,         1, 0.0315856%
goes         ,         1, 0.0315856%
gold         ,         1, 0.0315856%
golden       ,         1, 0.0315856%
gown         ,         1, 0.0315856%
grave        ,         1, 0.0315856%
great        ,         1, 0.0315856%
griefs       ,         1, 0.0315856%
grievance    ,         1, 0.0315856%
ground       ,         1, 0.0315856%
giddy        ,         1, 0.0315856%
grow         ,         1, 0.0315856%
grudge       ,         1, 0.0315856%
guest        ,         1, 0.0315856%
hard         ,         1, 0.0315856%
hast         ,         1, 0.0315856%
head         ,         1, 0.0315856%
health       ,         1, 0.0315856%
heard        ,         1, 0.0315856%
heartless    ,         1, 0.0315856%
heaven       ,         1, 0.0315856%
heel         ,         1, 0.0315856%
fourteen     ,         1, 0.0315856%
foe          ,         1, 0.0315856%
foes         ,         1, 0.0315856%
food         ,         1, 0.0315856%
fools        ,         1, 0.0315856%
foot         ,         1, 0.0315856%
forfeit      ,         1, 0.0315856%
forms        ,         1, 0.0315856%
forsworn     ,         1, 0.0315856%
fortune      ,         1, 0.0315856%
found        ,         1, 0.0315856%
fountains    ,         1, 0.0315856%
helena       ,         1, 0.0315856%
free         ,         1, 0.0315856%
friend       ,         1, 0.0315856%
friends      ,         1, 0.0315856%
frown        ,         1, 0.0315856%
fume         ,         1, 0.0315856%
gall         ,         1, 0.0315856%
gentlemen    ,         1, 0.0315856%
gentlewomen  ,         1, 0.0315856%
get          ,         1, 0.0315856%
gi           ,         1, 0.0315856%
language     ,         1, 0.0315856%
interchanging,         1, 0.0315856%
into         ,         1, 0.0315856%
invited      ,         1, 0.0315856%
issuing      ,         1, 0.0315856%
judgment     ,         1, 0.0315856%
jul          ,         1, 0.0315856%
kept         ,         1, 0.0315856%
kinsmen      ,         1, 0.0315856%
kiss         ,         1, 0.0315856%
known        ,         1, 0.0315856%
ladies       ,         1, 0.0315856%
instant      ,         1, 0.0315856%
languish     ,         1, 0.0315856%
lap          ,         1, 0.0315856%
last         ,         1, 0.0315856%
laugh        ,         1, 0.0315856%
lawrence     ,         1, 0.0315856%
lay          ,         1, 0.0315856%
lead         ,         1, 0.0315856%
leaf         ,         1, 0.0315856%
leave        ,         1, 0.0315856%
leaves       ,         1, 0.0315856%
hopeful      ,         1, 0.0315856%
hell         ,         1, 0.0315856%
helped       ,         1, 0.0315856%
hence        ,         1, 0.0315856%
heretics     ,         1, 0.0315856%
hers         ,         1, 0.0315856%
hide         ,         1, 0.0315856%
hinds        ,         1, 0.0315856%
hissed       ,         1, 0.0315856%
home         ,         1, 0.0315856%
honestly     ,         1, 0.0315856%
honorable    ,         1, 0.0315856%
paul         ,         1, 0.0315856%
hopes        ,         1, 0.0315856%
hour         ,         1, 0.0315856%
households   ,         1, 0.0315856%
https        ,         1, 0.0315856%
huge         ,         1, 0.0315856%
hurt         ,         1, 0.0315856%
importuned   ,         1, 0.0315856%
indeed       ,         1, 0.0315856%
infection    ,         1, 0.0315856%
inherit      ,         1, 0.0315856%
